,bins,completeness,contamination
41,bin.1003,74.59697117733269,4.606741573033707
47,bin.1018,73.33333333333333,1.3333333333333333
49,bin.107,94.55645161290323,3.655046826222685
51,bin.1031,89.33333333333333,6.0
54,bin.1046,70.29222595078299,3.1879194630872485
56,bin.1015,75.7977207977208,3.4472934472934473
60,bin.1020,85.74168797953965,1.3807285546415982
64,bin.106,81.67194092827005,2.6371308016877637
66,bin.1055,90.89485458612975,2.8523489932885906
70,bin.1040,81.56645569620254,2.5316455696202533
72,bin.1069,87.9021624472574,1.3053797468354431
74,bin.1047,86.76466849705105,4.026845637583893
77,bin.101,90.17379679144383,2.840909090909091
84,bin.1009,79.65780998389693,1.8156199677938807
91,bin.1068,75.21665934709412,1.4412238325281803
93,bin.1029,79.36183395291202,3.3663775299463032
99,bin.1048,75.29082774049218,4.3624161073825505
101,bin.1082,92.91646311675622,8.146067415730338
102,bin.1014,90.91722595078299,3.3207494407158835
113,bin.1072,74.40413752913754,6.410256410256411
114,bin.1071,96.8883465527761,0.8389261744966443
116,bin.1084,75.9995507637017,9.90566037735849
118,bin.1036,92.95302013422818,2.348993288590604
119,bin.100,91.63120567375886,1.8321513002364065
121,bin.102,85.96196868008948,0.7321537522879804
125,bin.1033,93.13186813186815,1.048951048951049
127,bin.1080,80.77348448192438,7.78553489550932
139,bin.1126,84.85972503314956,9.149277688603531
146,bin.1111,84.1376582278481,8.670886075949367
148,bin.1139,84.26966292134831,4.269662921348314
149,bin.1133,74.29467084639498,2.5705329153605017
158,bin.1130,91.76029962546816,2.6217228464419473
159,bin.1119,80.73575949367088,3.0590717299578056
167,bin.1104,86.92028985507247,2.6368760064412236
177,bin.1120,70.33951088061826,0.4697986577181208
178,bin.1100,72.24025974025975,2.0396270396270393
179,bin.1162,76.28526645768025,9.482758620689655
180,bin.1099,91.19699511897498,5.425055928411632
184,bin.1123,76.98728139904611,2.0564042303172743
186,bin.1124,79.07178670765627,8.586956521739129
194,bin.118,70.66666666666667,9.272727272727273
197,bin.1129,96.56471631205673,2.127659574468085
203,bin.1112,87.41258741258741,2.097902097902098
206,bin.1172,86.66666666666666,4.301075268817204
208,bin.1153,79.92464539007092,0.945626477541371
211,bin.1136,70.55167055167055,2.840909090909091
219,bin.1134,82.41633103183737,4.0084388185654
222,bin.1180,85.61208267090619,1.8243243243243243
225,bin.1195,87.30825598436736,7.089352594970572
234,bin.1204,85.29171610021635,3.3707865168539324
236,bin.1206,87.94395568589117,3.6005213424568265
240,bin.1212,87.64044943820225,8.768930141670738
243,bin.1161,75.21572104018914,2.0094562647754137
244,bin.1192,78.55869941020948,4.026845637583893
252,bin.1203,87.92373897199846,3.0063291139240507
255,bin.1211,89.66666666666667,1.1904761904761905
265,bin.1221,89.56751054852319,1.4767932489451476
267,bin.1199,86.80089485458612,0.6711409395973155
269,bin.1214,91.20862884160758,0.19946808510638298
273,bin.122,94.4,0.8
274,bin.1234,84.89003709591945,2.7027027027027026
277,bin.1235,79.5675105485232,2.109704641350211
278,bin.1210,87.28314745972737,1.2391573729863692
283,bin.1251,88.08532778355878,2.042143600416233
292,bin.1208,78.20190156599551,0.061012812690665046
294,bin.1227,89.16666666666667,0.7004830917874396
295,bin.1260,75.28735632183907,7.758620689655173
301,bin.12,84.15385741472697,1.8921095008051532
302,bin.1265,86.47676767676768,4.0
304,bin.1202,93.47172441258463,0.8024691358024691
307,bin.1241,95.6896551724138,2.8735632183908044
309,bin.1225,92.9082774049217,2.684563758389262
311,bin.1262,83.25499412455933,3.4181240063593004
313,bin.1243,74.63444857496901,0.8488228004956628
314,bin.1267,73.23715263231392,9.658218125960062
315,bin.1263,76.78898527683694,3.6557337388539435
317,bin.1261,77.88888888888889,3.0952380952380953
328,bin.1246,73.73624782860452,7.537154989384288
329,bin.1281,93.6241610738255,1.2513982102908277
342,bin.1286,80.17511117255363,6.756756756756757
344,bin.1309,91.37931034482759,3.7617554858934166
346,bin.1293,94.88954138702462,1.342281879194631
347,bin.125,92.33678343949045,2.287203242617255
351,bin.129,91.24472573839664,1.7932489451476792
360,bin.1288,74.8,0.4
361,bin.1295,84.82753853597845,5.436337872399254
365,bin.1264,96.44020853698274,1.881720430107527
366,bin.1327,76.9449715370019,2.6881720430107525
368,bin.1302,80.82437275985663,0.0
380,bin.13,85.21505376344086,4.143920595533499
388,bin.1318,85.04761904761905,3.0952380952380953
393,bin.1353,78.99015981575825,9.213483146067414
405,bin.131,83.16855145659494,3.6996779388083736
407,bin.1334,84.35881760644419,0.9691455696202531
411,bin.138,72.07336523125997,7.017543859649122
413,bin.1352,77.2832774049217,2.684563758389262
415,bin.1347,82.01901565995524,2.0134228187919465
428,bin.1374,89.17171717171718,9.88888888888889
431,bin.1345,76.34920634920636,1.0822510822510822
432,bin.1356,72.25806451612904,1.6129032258064515
436,bin.135,94.14609053497942,0.4938271604938271
441,bin.1368,72.2568385194224,5.627796420581655
442,bin.1398,72.41379310344827,0.0
445,bin.1328,89.87695749440716,0.0
454,bin.1357,92.33271375464685,2.726146220570012
455,bin.1393,85.68611452716551,4.771505376344086
463,bin.1371,70.78364288041708,1.6129032258064515
466,bin.1373,92.04980842911877,4.000289771080847
467,bin.1370,81.97529121442163,3.301127214170692
468,bin.137,93.50620567375887,2.127659574468085
470,bin.1379,74.71878596087457,3.113132911392405
475,bin.1378,82.22369976359337,3.6569148936170213
478,bin.1402,79.55082742316785,1.0638297872340425
487,bin.1442,78.38915470494418,7.894736842105263
490,bin.1394,80.44641041285337,3.0872483221476505
494,bin.1425,89.3714722668937,4.032258064516129
497,bin.1439,76.9407158836689,1.4446054504779338
502,bin.1437,81.01898101898101,6.243756243756243
505,bin.1427,81.83333333333333,2.380952380952381
523,bin.1400,86.66958041958041,1.048951048951049
525,bin.1448,79.21560402684564,1.0067114093959733
527,bin.1444,82.05257270693511,5.1454138702460845
531,bin.1450,85.19355791962174,3.250591016548463
532,bin.1436,93.70255348516218,3.0193236714975846
534,bin.1431,95.88607594936708,1.2658227848101267
540,bin.1492,76.72413793103448,4.310344827586207
544,bin.1472,71.99024822695036,3.5106382978723403
546,bin.1469,83.12698412698413,1.8253968253968254
549,bin.1445,74.7545851893678,2.592592592592593
550,bin.1484,86.15009151921905,2.684563758389262
554,bin.1453,97.14285714285714,2.857142857142857
555,bin.1479,86.21428571428571,4.0476190476190474
558,bin.146,71.17306897976043,1.3940520446096654
561,bin.1456,79.4680677745194,6.99535679374389
562,bin.1461,86.66177908113391,1.075268817204301
567,bin.1488,78.6825396825397,4.206349206349206
570,bin.1496,74.3371212121212,8.48630536130536
575,bin.1510,82.86060606060606,4.0
578,bin.1486,86.83772056003069,2.2151898734177213
579,bin.1462,77.6791465378422,2.0933977455716586
580,bin.1494,72.03174603174602,1.6666666666666667
588,bin.1530,84.04059571042494,1.3440860215053763
589,bin.1533,84.71910112359552,0.2808988764044944
596,bin.1545,71.91011235955057,2.808988764044944
614,bin.1505,76.86596447748865,2.509293680297398
615,bin.1529,87.40470368239356,2.2151898734177213
617,bin.1551,87.21212121212122,2.2323232323232323
619,bin.1541,88.12178387650086,2.830188679245283
621,bin.1525,74.23868312757202,0.0
623,bin.1522,76.79402722880984,2.5120772946859904
626,bin.1534,79.53020134228188,5.167785234899329
630,bin.1524,86.63978494623656,5.268817204301076
631,bin.1520,98.58156028368795,0.8200354609929078
634,bin.1540,77.65008576329332,5.98560521978946
637,bin.1561,72.97678970917225,3.1319910514541385
645,bin.1523,95.75471698113208,5.188679245283019
647,bin.1591,93.10344827586206,7.93103448275862
649,bin.1595,79.7752808988764,3.3707865168539324
652,bin.1593,70.17543859649123,0.8771929824561403
653,bin.1511,98.42657342657343,2.272727272727273
666,bin.1547,93.38164251207729,3.5990338164251208
668,bin.1567,81.56471631205673,3.1678486997635935
669,bin.1582,84.80564876957494,1.6320927394752895
675,bin.158,97.76152482269504,3.0732860520094563
678,bin.1570,92.41935483870968,5.207373271889401
681,bin.1609,73.98794984530208,1.1235955056179776
682,bin.1598,71.34920634920634,5.285714285714286
683,bin.1586,72.24479766014578,4.0084388185654
685,bin.159,78.53132387706857,5.200945626477541
690,bin.1546,89.62807422046552,3.7359098228663448
691,bin.1603,88.55806386007728,2.5167785234899327
694,bin.1606,72.71270396270397,1.6317016317016317
696,bin.1637,73.42580314978947,8.426966292134832
697,bin.1596,92.00945626477544,2.3640661938534278
700,bin.1584,71.75411522633746,1.419753086419753
701,bin.1588,86.77420174903398,4.026845637583893
704,bin.1594,95.13422818791946,0.7931665649786456
706,bin.1592,94.62025316455696,5.346782700421941
713,bin.1580,73.1959706959707,1.3986013986013985
721,bin.1604,80.85586376661428,3.160919540229885
726,bin.1627,74.182156133829,4.148079306071871
727,bin.1660,93.37078651685393,3.3707865168539324
728,bin.1620,82.05673758865248,1.0638297872340425
729,bin.1667,70.82590612002377,0.0
730,bin.165,90.04474272930649,1.342281879194631
732,bin.1668,82.02247191011236,1.49812734082397
736,bin.1624,95.5082742316785,3.4278959810874703
741,bin.166,77.20968069961359,1.0290827740492168
744,bin.1675,85.25949705724986,2.808988764044944
746,bin.1632,90.82774049217002,1.922539149888143
748,bin.1653,83.55704697986577,1.9625788082163917
751,bin.1673,92.33870967741936,1.282991202346041
754,bin.1681,72.41379310344827,5.172413793103448
755,bin.1666,86.02150537634408,1.3440860215053763
756,bin.1633,90.49315619967793,1.842793880837359
758,bin.1622,96.64429530201342,0.0
760,bin.1646,95.39007092198581,2.482269503546099
762,bin.167,82.57142857142857,3.5317460317460316
767,bin.1617,87.84246575342466,0.0
768,bin.1676,79.8639455782313,1.7460317460317458
769,bin.1705,92.98245614035088,4.8644338118022326
773,bin.1672,79.76726154159039,3.0201342281879193
789,bin.1709,84.10356619443088,9.8169213948403
791,bin.1689,72.73573200992556,3.225806451612903
792,bin.1699,83.9536302623551,1.342281879194631
793,bin.1690,72.91767310789051,2.5764895330112716
794,bin.1651,90.73685682326621,1.8456375838926173
795,bin.1647,95.62937062937063,4.195804195804196
798,bin.1671,84.10771796641362,1.2077294685990339
805,bin.1697,86.99024822695036,0.0
806,bin.17,82.542194092827,4.641350210970463
808,bin.1702,76.49163738837652,3.276972624798712
809,bin.1716,87.9153439153439,0.7539682539682538
810,bin.1745,92.98245614035088,5.582137161084529
820,bin.1721,79.5346628679962,1.7094017094017093
821,bin.1703,76.28979670118912,3.1645569620253164
824,bin.168,82.95038295038295,4.195804195804196
826,bin.1708,93.66578014184397,8.806146572104018
832,bin.1715,86.55239475289811,1.6778523489932886
835,bin.1722,71.57706093189964,1.2903225806451613
836,bin.1687,100.0,0.7770007770007771
843,bin.1718,87.46175523349437,3.7198067632850242
847,bin.1735,79.06309640180608,4.685099846390169
848,bin.1754,81.24039938556068,3.641542149606666
852,bin.1712,91.03887024608503,2.7964205816554806
858,bin.1737,94.92900608519271,2.036124794745484
860,bin.174,94.9367088607595,2.167242040659762
864,bin.1756,89.75810961968679,0.6921140939597316
869,bin.1757,76.22364194944839,4.577572964669739
871,bin.1728,92.28187919463087,2.0134228187919465
876,bin.1764,74.33275058275059,3.904428904428904
880,bin.1759,81.30904022301873,1.7901234567901234
887,bin.1744,85.43252724287206,6.053639846743295
890,bin.1761,86.61392405063292,4.525316455696203
897,bin.1742,89.38377059182429,1.5100671140939597
899,bin.1793,81.46436718047971,6.456072440727172
901,bin.1786,76.87301587301587,4.523809523809524
914,bin.1802,73.02026133821437,2.4049217002237135
916,bin.1800,78.46161378770074,3.447501209649547
917,bin.1808,82.77113430566116,5.434782608695653
920,bin.1837,87.83585735222277,1.6853932584269662
922,bin.1823,75.95555555555556,8.606060606060607
926,bin.180,89.66153846153847,2.4
930,bin.1787,82.89161392405063,5.432489451476793
935,bin.1846,86.40449438202248,2.9213483146067416
940,bin.1848,86.51685393258427,0.0
944,bin.1821,87.07805907172995,2.9104334484081322
950,bin.186,89.80040477353619,3.5808500244259895
953,bin.1833,91.61772930648769,1.0290827740492168
954,bin.1835,85.12304250559285,1.2038590604026846
960,bin.1844,81.69312169312168,1.8253968253968254
963,bin.1797,91.94630872483222,1.901565995525727
965,bin.1851,74.6284965034965,3.7995337995338
968,bin.1881,84.04982901807523,2.696629213483146
969,bin.1875,80.06839276990718,0.0
970,bin.1840,79.81935654008439,3.90295358649789
972,bin.1866,82.7203660536994,0.28490028490028485
974,bin.1879,83.98876404494382,4.49438202247191
980,bin.1839,91.77852348993288,2.348993288590604
985,bin.1845,83.85648058721267,8.47305389221557
987,bin.1855,77.991341991342,4.603174603174603
992,bin.190,71.38755980861244,6.842105263157895
995,bin.1841,71.50284482479861,2.623994042061269
998,bin.1884,90.59322249339027,3.4675615212527964
1002,bin.1885,83.34451901565996,1.7897091722595075
1004,bin.1860,86.50118203309692,1.4775413711583922
1009,bin.1838,82.86713286713287,2.4475524475524475
1015,bin.1858,95.91023489932886,1.174496644295302
1021,bin.1887,76.02541982976766,2.917581613233787
1022,bin.1876,86.52482269503547,1.7730496453900708
1029,bin.191,72.32663170163171,6.0606060606060606
1032,bin.1891,76.98471705906651,2.5557620817843865
1045,bin.1900,82.76004728132388,2.8368794326241136
1047,bin.1946,75.4949494949495,1.3333333333333333
1051,bin.1943,74.45454545454545,2.0
1057,bin.1898,87.86620890553475,1.1860174781523094
1059,bin.1923,87.52768987341771,1.740506329113924
1068,bin.1919,72.2797723612941,1.6390614216701174
1081,bin.198,84.18940609951846,0.048851978505129456
1082,bin.1971,83.87096774193549,2.089442815249267
1089,bin.1952,84.94568324757005,1.3836477987421383
1098,bin.1912,92.40506329113924,4.166666666666666
1103,bin.1945,81.83724832214764,1.1795810453528575
1106,bin.1968,78.33863275039745,2.9009988249118686
1107,bin.1963,78.46158735001018,0.6152125279642058
1109,bin.199,91.1842841163311,2.237136465324385
1115,bin.1982,89.98881431767339,1.7337807606263982
1118,bin.197,77.68654284783317,8.687683284457478
1119,bin.1975,80.1519726247987,2.7082418386766207
1121,bin.1953,88.94015659955258,1.4751118568232662
1124,bin.1978,84.815668202765,5.362903225806452
1129,bin.1974,80.74476650563606,2.0531400966183573
1130,bin.1987,76.23670212765957,3.782505910165484
1131,bin.1938,95.02997002997003,4.836829836829836
1132,bin.1980,88.42789598108747,1.4184397163120568
1133,bin.2012,81.86813186813187,6.722689075630252
1134,bin.1993,95.99156118143459,0.0
1137,bin.1973,96.53942953020135,8.053691275167786
1139,bin.2009,92.99853372434018,9.274193548387096
1141,bin.1958,89.16798523206752,4.113924050632911
1142,bin.1992,81.9686181434599,4.799578059071729
1148,bin.2004,81.54008438818566,5.652210395090141
1160,bin.2030,72.52688172043011,2.28494623655914
1161,bin.2005,93.09973045822102,2.9649595687331534
1163,bin.2031,81.20385021097046,2.905638665132336
1165,bin.2019,73.28833638397397,3.859060402684564
1174,bin.2029,89.45147679324894,3.90295358649789
1175,bin.2040,80.00815113156885,4.430379746835443
1178,bin.2039,94.74272930648769,0.8389261744966443
1185,bin.2018,94.80273752012883,1.9001610305958134
1188,bin.2045,77.77777777777779,3.368794326241135
1190,bin.2025,81.42541183648567,7.1029082774049215
1194,bin.207,72.99970862470863,4.079254079254079
1197,bin.2024,88.98119122257053,2.2988505747126435
1198,bin.2085,83.01765650080257,6.741573033707865
1199,bin.2072,71.51806526806526,2.389277389277389
1200,bin.2002,90.91163310961967,4.026845637583893
1201,bin.2035,88.5600976205003,2.4049217002237135
1208,bin.2066,75.54530201342281,3.1879194630872485
1212,bin.2084,83.10655284440449,1.718566392479436
1217,bin.2076,80.76213080168777,2.167242040659762
1221,bin.206,95.19015659955258,0.8389261744966443
1222,bin.2109,80.76697606253055,8.63633191429967
1229,bin.2094,74.42592592592592,4.1269841269841265
1232,bin.2093,77.49868143459916,3.5996835443037973
1233,bin.2098,85.24049217002238,3.1879194630872485
1234,bin.2088,93.09071729957806,2.4261603375527425
1235,bin.2111,91.01123595505618,1.172447484123107
1236,bin.2055,94.8202614379085,0.29411764705882354
1240,bin.2080,76.10166259914583,3.0201342281879193
1242,bin.2090,93.38080168776372,2.0569620253164556
1249,bin.2136,72.51461988304094,3.508771929824561
1254,bin.2058,95.45454545454545,0.743006993006993
1257,bin.2097,94.42431561996779,1.1352657004830917
1262,bin.2104,75.99838969404186,5.050034506556246
1266,bin.2145,71.55172413793103,2.586206896551724
1267,bin.214,76.59257449926723,8.587479935794542
1270,bin.2081,86.8148769574944,1.174496644295302
1274,bin.2128,72.94546850998464,8.46774193548387
1277,bin.2125,84.78315592635214,3.5403481012658227
1281,bin.2139,76.8096645238589,4.1128084606345485
1290,bin.2108,89.13580246913581,4.495884773662551
1296,bin.213,91.85880544576197,1.1835748792270533
1301,bin.2132,81.23342374924653,2.742616033755274
1306,bin.2151,70.97701149425288,0.0
1312,bin.2143,93.24894514767932,5.399525316455696
1313,bin.2153,96.19047619047619,7.204700061842919
1316,bin.2180,75.97178683385579,4.310344827586207
1317,bin.2135,70.44122544122543,3.17016317016317
1318,bin.2127,96.01573622127313,5.503355704697986
1320,bin.2160,74.29693961952026,3.2878411910669976
1323,bin.2144,92.17002237136464,3.1879194630872485
1326,bin.2166,80.03660768761439,3.4675615212527964
1334,bin.2210,76.20689655172414,3.4482758620689653
1335,bin.2178,71.79220779220779,4.776334776334776
1342,bin.2183,85.74524608501119,2.348993288590604
1344,bin.2200,73.99038461538461,2.972027972027972
1349,bin.2201,76.50004316670984,3.1623931623931623
1351,bin.2197,91.94440207443564,2.5167785234899327
1353,bin.2171,85.68542568542567,6.92063492063492
1355,bin.218,80.69325808419768,5.704697986577181
1359,bin.2228,75.53911647707446,5.617977528089888
1361,bin.2203,84.5008389261745,1.5100671140939597
1368,bin.2198,79.45303509781357,2.9865506329113924
1373,bin.2184,93.58221476510067,2.867602196461257
1378,bin.2218,87.47203579418344,3.713646532438479
1385,bin.2255,78.25040128410915,0.11235955056179775
1386,bin.225,94.71904266389178,0.8064516129032258
1390,bin.2216,80.08421985815603,3.1693262411347516
1395,bin.2212,96.94148936170212,3.0141843971631204
1397,bin.2213,92.0160864978903,5.063291139240507
1403,bin.2226,92.26002109704642,2.0569620253164556
1408,bin.2256,71.56599552572706,2.0744356314826113
1409,bin.2232,94.35123042505593,8.557046979865772
1410,bin.2261,70.1048951048951,0.29137529137529133
1417,bin.2278,83.59550561797754,5.617977528089888
1427,bin.2293,82.75862068965517,2.586206896551724
1429,bin.2248,87.05673758865248,2.127659574468085
1430,bin.2265,73.274231678487,4.704491725768321
1431,bin.2250,95.76489533011272,0.7648953301127214
1433,bin.2270,89.29324894514768,0.9493670886075949
1439,bin.223,75.24342891278377,3.7962962962962963
1441,bin.228,71.73809523809524,5.158730158730158
1443,bin.2285,72.74309551208286,4.641350210970463
1445,bin.2299,77.01804368471035,3.0328930328930332
1447,bin.2282,85.74603174603175,2.5396825396825395
1448,bin.2300,88.44086021505376,4.374389051808406
1449,bin.2276,88.9701536643026,5.429964539007092
1456,bin.2266,85.87172056131787,4.586129753914988
1457,bin.2267,87.35627637130803,5.537974683544304
1459,bin.2297,84.67561521252797,1.901565995525727
1460,bin.2277,89.49677938808372,1.4492753623188406
1461,bin.2302,86.57142857142857,1.693121693121693
1469,bin.2272,94.75599315068493,1.36986301369863
1470,bin.231,89.87341772151899,2.0138089758342925
1471,bin.2307,82.25574712643679,1.3752052545155993
1474,bin.2317,80.27482269503547,2.198581560283688
1476,bin.2294,91.20879120879121,0.5494505494505495
1478,bin.230,79.26390583689242,2.6286353467561523
1482,bin.2281,96.41111180395336,1.2658227848101267
1483,bin.2304,70.71657839833092,0.9921981004070557
1492,bin.2291,98.6013986013986,0.34965034965034963
1495,bin.2318,70.64311594202897,6.819070623418449
1501,bin.2321,89.87341772151899,3.6392405063291138
1505,bin.2320,86.03666521169795,1.6726943942133814
1510,bin.2354,86.50320846340618,4.05058651026393
1516,bin.2344,81.96457326892109,3.7359098228663448
1517,bin.2348,92.19409282700421,0.6904487917146144
1518,bin.2338,91.13475177304964,4.397163120567376
1519,bin.2331,91.00973503147416,2.077294685990338
1521,bin.2316,74.30534166528564,5.284391534391535
1524,bin.2360,91.55458860759494,2.5197784810126582
1528,bin.2333,91.98113207547169,0.9433962264150944
1529,bin.236,91.87763713080169,8.481012658227849
1532,bin.2362,90.61999303378614,8.429118773946358
1533,bin.2384,86.84444444444443,8.8
1535,bin.2312,77.88980716253444,8.010101010101009
1536,bin.2342,77.49624624624624,0.6756756756756757
1541,bin.2376,82.38798238798239,0.7122507122507122
1546,bin.2390,73.33333333333333,9.333333333333334
1550,bin.2395,80.11111111111111,2.111111111111111
1551,bin.2349,90.77181208053692,1.6079418344519014
1553,bin.2392,86.22528616024974,1.8878299120234605
1554,bin.239,89.75404209884076,2.125279642058165
1557,bin.2380,78.01880632101346,7.93010752688172
1561,bin.2413,75.64728871519296,5.093632958801498
1562,bin.2366,91.84397163120568,7.328605200945628
1564,bin.2391,82.84025713693232,8.30839151171632
1566,bin.2332,93.02570523158758,5.383597883597884
1569,bin.2377,91.15338164251207,1.8115942028985508
1571,bin.2407,76.55620805369128,0.02097315436241611
1572,bin.2379,80.3030303030303,0.6993006993006993
1573,bin.2385,85.21505376344086,7.190860215053764
1576,bin.2387,83.52265043948613,2.194050033806626
1577,bin.2334,89.70588235294117,2.5560224089635857
1578,bin.2401,77.08333333333334,7.388942651090988
1580,bin.2406,75.48673993686782,2.1065182829888713
1583,bin.2427,76.3048662473215,4.196043869956914
1588,bin.2416,82.16458146125665,5.434782608695653
1589,bin.2400,90.64760508308895,8.77787087464507
1590,bin.2378,96.62837162837164,2.8998778998779
1592,bin.2421,88.03418803418803,6.526806526806527
1596,bin.2426,90.26845637583892,2.348993288590604
1604,bin.2409,87.89848993288591,3.535692495424039
1616,bin.2459,77.14747474747475,6.666666666666667
1617,bin.243,84.88475177304964,0.29550827423167847
1619,bin.244,93.39345637583892,0.6711409395973155
1623,bin.2473,73.27586206896552,7.758620689655173
1624,bin.2449,80.76316859873907,4.586129753914988
1631,bin.2457,71.76850763807285,4.894242068155111
1634,bin.2481,81.83125130853514,6.741573033707865
1637,bin.2475,96.55172413793103,8.934169278996864
1641,bin.2442,93.45991561181435,2.2362869198312234
1644,bin.2438,81.3909541511772,2.6022304832713754
1647,bin.2447,89.55696202531645,5.168776371308017
1648,bin.2482,74.70134032634033,0.23310023310023306
1652,bin.2431,84.8478132387707,2.9550827423167845
1658,bin.2495,70.26645768025078,0.0
1660,bin.2498,88.20224719101124,1.1235955056179776
1664,bin.2501,92.49947658594459,2.247191011235955
1666,bin.2433,91.07687614399023,1.342281879194631
1671,bin.2463,90.80867850098619,2.366863905325444
1672,bin.2456,87.26114649681529,3.1461107894228912
1674,bin.2493,73.29097425871619,8.261648745519715
1675,bin.2470,95.44742729306488,4.746923937360179
1676,bin.250,73.36989355581127,4.430379746835443
1681,bin.2471,83.06451612903226,0.0
1683,bin.2511,76.82424242424243,1.3333333333333333
1685,bin.2462,92.02608522500995,1.7592592592592593
1691,bin.2506,76.19788488916005,4.557657107992679
1694,bin.2509,83.36213451302966,4.590620031796502
1705,bin.2529,94.73684210526316,7.655502392344497
1711,bin.2532,72.92121212121212,8.0
1712,bin.2513,83.21678321678321,2.8671328671328666
1713,bin.2518,73.29545454545455,8.643250688705233
1716,bin.2480,93.52941176470588,1.3235294117647058
1719,bin.2528,81.89317673378076,2.684563758389262
1731,bin.2535,73.03030303030303,3.376623376623377
1740,bin.2524,77.96690307328606,0.4728132387706855
1742,bin.2533,78.46959528167582,3.921979865771812
1744,bin.2570,90.3225806451613,1.075268817204301
1746,bin.2566,97.6969696969697,1.6
1747,bin.2575,84.4080808080808,5.333333333333333
1753,bin.2549,75.10283201138905,5.0
1754,bin.2555,81.83264386372045,1.540880503144654
1757,bin.2537,84.45190156599551,2.4328859060402683
1758,bin.2565,79.65832824893226,2.481823266219239
1763,bin.2556,90.54702340706397,2.7011494252873565
1770,bin.253,90.54809843400449,0.22371364653243844
1772,bin.2553,76.2450742240216,9.242105263157894
1789,bin.2604,90.07070707070707,4.0
1790,bin.2558,86.08640755379886,5.1489533011272135
1792,bin.2594,82.70701476793248,3.0063291139240507
1799,bin.2612,75.06609721374822,3.28579418344519
1804,bin.2581,85.75174825174825,2.3528554778554778
1806,bin.2610,88.03418803418803,5.439005439005439
1807,bin.2586,96.24746450304261,1.7932878480545822
1813,bin.26,81.3758389261745,3.467561521252797
1820,bin.2584,76.99339572547458,1.3580246913580245
1823,bin.2593,85.52009456264774,2.8368794326241136
1831,bin.2603,84.0205128205128,4.8
1832,bin.2633,83.14214135021096,4.483122362869198
1833,bin.2592,93.89360639360639,2.2144522144522147
1834,bin.2649,87.17171717171718,1.3333333333333333
1835,bin.2620,90.55298245614036,0.0
1842,bin.2640,85.67890442890442,0.6993006993006993
1845,bin.2654,92.60728086231443,1.342281879194631
1851,bin.2678,80.92619745845552,0.0
1852,bin.2679,89.7271268057785,1.1235955056179776
1854,bin.2645,73.39029697900665,2.2849462365591395
1856,bin.261,91.05145413870247,3.3557046979865772
1858,bin.2625,84.32961635470596,1.2191358024691357
1863,bin.2660,84.79729729729729,8.342837722633119
1866,bin.2698,70.17543859649123,7.017543859649122
1874,bin.2673,78.24384787472036,3.0475899938987188
1881,bin.2630,89.23168789808918,2.1231422505307855
1883,bin.2644,91.48550724637681,1.8719806763285025
1886,bin.2666,81.41778523489933,4.697986577181208
1895,bin.265,89.52532572097789,2.7411799150929586
1899,bin.2691,71.32719601074031,4.878691983122362
1901,bin.2643,79.32085112873703,1.342281879194631
1904,bin.2687,87.24832214765101,2.354077689648159
1905,bin.264,84.77348993288591,4.026845637583893
1906,bin.2686,89.3827295213153,2.305605786618445
1907,bin.2694,89.29324894514768,8.386075949367088
1910,bin.2726,71.72413793103448,0.0
1912,bin.2696,76.7063249949156,2.237136465324385
1913,bin.2701,81.61421911421913,5.594405594405594
1916,bin.2727,96.91011235955057,3.3707865168539324
1920,bin.2684,84.21985815602837,1.0638297872340425
1932,bin.2715,87.22222222222221,5.238095238095238
1934,bin.2745,70.2247191011236,2.247191011235955
1938,bin.2681,83.30835830835831,3.4965034965034967
1940,bin.2677,91.94630872483222,5.480984340044743
1942,bin.2743,81.13964686998396,2.247191011235955
1955,bin.2741,80.84388185654008,4.430379746835443
1956,bin.2770,72.59968102073366,0.0
1958,bin.2747,79.43548387096774,4.994797086368367
1965,bin.2756,93.82587582379466,6.62425503736638
1966,bin.2753,83.76068376068376,1.9425019425019423
1968,bin.2732,80.07412838057999,8.687683284457478
1970,bin.274,85.34696406443618,0.14456836018174307
1971,bin.2710,97.14285714285714,5.174603174603175
1974,bin.2767,72.78383668903804,1.537522879804759
1976,bin.2722,95.05772005772006,5.453514739229025
1980,bin.2765,90.14423076923077,3.9481351981351978
1982,bin.2761,96.51006711409397,2.7614653243847873
1983,bin.278,84.9067599067599,1.1655011655011653
1985,bin.2754,95.23809523809524,4.1269841269841265
1992,bin.2771,82.72058823529413,6.37052341597796
1998,bin.2778,91.0337552742616,2.742616033755274
2001,bin.2784,92.25806451612904,1.881720430107527
2004,bin.2780,87.68469267139481,2.925531914893617
2007,bin.2795,78.88359788359789,2.0634920634920633
2008,bin.275,93.39622641509433,0.9433962264150944
2014,bin.2787,80.04054809843402,2.4482662192393736
2015,bin.2752,99.40119760479043,1.6966067864271457
2026,bin.2793,94.92464539007092,1.7375886524822697
2032,bin.2791,75.9950248756219,1.123172018694407
2036,bin.2809,70.07377926732765,3.754480286738351
2040,bin.2799,90.5354267310789,2.730618817575339
2043,bin.2825,81.48148148148148,4.368471035137701
2044,bin.2800,92.48520710059172,4.487179487179486
2045,bin.282,87.02116402116403,2.9629629629629632
2046,bin.2805,79.36241610738254,3.2489322757779133
2050,bin.2807,72.14452214452216,3.1468531468531467
2053,bin.2838,88.54865771812081,0.7321537522879804
2055,bin.2804,73.30231664470794,3.9210950080515303
2057,bin.2812,75.89975845410629,0.8816425120772947
2063,bin.2814,70.06992009132419,0.8561643835616438
2064,bin.2821,92.98906619385343,0.7313829787234043
2067,bin.2829,81.5130023640662,7.624113475177305
2078,bin.2844,94.14965986394559,5.396825396825396
2086,bin.2832,92.44725738396625,8.715262621853629
2087,bin.2878,90.31102426314933,6.5543071161048685
2091,bin.280,79.3977793137457,4.786249516641673
2096,bin.2858,86.66840822013236,2.8907482533243183
2099,bin.2824,97.6510067114094,3.6912751677852347
2104,bin.2857,76.51960036607687,1.363255033557047
2107,bin.2891,84.43396226415095,4.952830188679245
2111,bin.2885,86.42857142857143,2.253968253968254
2118,bin.2872,73.75279642058165,0.8389261744966443
2119,bin.2890,85.1063829787234,2.718676122931442
2122,bin.2907,83.35940045617465,3.4946236559139785
2123,bin.2910,82.28009965426072,2.315436241610738
2127,bin.2893,80.16877637130801,3.7974683544303796
2131,bin.2924,72.2111335985298,9.55056179775281
2136,bin.2877,83.43453118546056,1.4250309789343245
2140,bin.2929,72.72035731732848,9.588014981273409
2143,bin.2928,74.95691829848957,7.123655913978494
2146,bin.2889,86.43463027844366,7.266009852216748
2147,bin.2917,94.51901565995526,0.6711409395973155
2149,bin.2869,94.16264090177133,0.625
2150,bin.2936,83.33333333333333,0.22222222222222218
2151,bin.2915,95.3826237054085,2.0042194092827
2155,bin.2882,89.28071228491396,2.380952380952381
2156,bin.2898,71.8117088607595,6.070195627157652
2157,bin.2902,83.50808139347694,5.675971538040504
2162,bin.2880,97.98657718120805,0.8948545861297538
2170,bin.2959,94.82758620689656,7.053291536050156
2173,bin.294,73.05730282712379,9.620083638625838
2176,bin.2909,74.42353643966547,4.151234567901235
2177,bin.2948,87.0952380952381,4.563492063492063
2180,bin.2930,90.29535864978904,1.8987341772151898
2184,bin.2947,82.25925925925927,1.111111111111111
2189,bin.2920,95.67953020134229,2.348993288590604
2193,bin.2953,72.7329902801601,4.50314465408805
2194,bin.2946,90.37014439699004,1.1619127516778522
2200,bin.2956,86.07020655702198,5.757575757575757
2204,bin.2960,77.99539170506914,6.346878927524089
2206,bin.2962,81.63450782997764,3.9373601789709176
2208,bin.2952,72.01672767947936,1.6778523489932886
2209,bin.2961,73.19424491750469,8.46774193548387
2211,bin.2983,91.01123595505618,2.701514411333659
2221,bin.2986,87.91208791208791,2.7472527472527473
2222,bin.2995,85.3932584269663,3.932584269662921
2226,bin.301,85.95645195058971,6.741573033707865
2229,bin.2990,83.5653091315843,2.3699664429530203
2231,bin.3008,82.02247191011236,5.617977528089888
2234,bin.2931,95.97315436241611,6.6219239373601795
2239,bin.2997,80.07936507936506,2.8968253968253963
2240,bin.2974,79.12234042553192,3.439716312056737
2242,bin.2939,91.40859140859142,2.6612276612276613
2243,bin.30,74.94708994708995,0.7142857142857143
2252,bin.3000,84.34004474272932,1.403294691885296
2257,bin.3013,87.4617398820419,6.040268456375839
2261,bin.2993,85.26435357290377,2.775712515489467
2264,bin.3041,85.46653639472397,4.49438202247191
2265,bin.2987,84.54278523489933,2.953020134228188
2279,bin.2982,94.1834451901566,2.8523489932885906
2280,bin.3033,86.96825396825396,1.9047619047619047
2284,bin.3031,78.42339462224373,4.878343816962743
2287,bin.3019,95.74468085106383,2.482269503546099
2291,bin.3056,76.37777777777778,2.0
2293,bin.3062,89.32584269662921,3.8041733547351524
2294,bin.3045,90.19219035997558,0.33557046979865773
2295,bin.3017,81.65103213341469,4.194630872483222
2301,bin.2991,93.60318791946308,0.0
2303,bin.3053,80.03968253968254,1.9047619047619047
2307,bin.3083,71.9298245614035,3.508771929824561
2308,bin.305,85.04761904761905,1.5873015873015872
2310,bin.304,82.15053763440861,0.6451612903225806
2313,bin.3058,79.01730916762563,5.752900843881857
2316,bin.3067,77.30611045828438,6.279377203290247
2320,bin.3042,88.19910514541388,3.081147040878584
2321,bin.3039,74.41338722798454,3.9709172259507826
2325,bin.3088,98.66666666666667,1.3333333333333333
2328,bin.3034,98.0952380952381,2.222222222222222
2338,bin.3089,87.10702235676222,2.4193548387096775
2346,bin.3074,71.88679245283019,6.59119496855346
2350,bin.3090,70.7159026598755,1.6129032258064515
2354,bin.3086,80.61224489795917,1.4285714285714286
2360,bin.31,81.01925105485233,4.68090717299578
2364,bin.3071,86.83373590982286,2.5523349436392917
2369,bin.3091,97.37998647734955,0.6269592476489028
2370,bin.3103,81.74940898345153,7.092198581560283
2376,bin.3081,77.32802013422818,0.6711409395973155
2377,bin.3120,92.40771812080537,2.8523489932885906
2379,bin.3079,96.50793650793652,1.9047619047619047
2383,bin.3133,72.99776286353467,4.911531421598536
2384,bin.3147,82.37777777777778,2.787878787878788
2386,bin.3106,78.24505406027144,1.2962962962962965
2389,bin.3123,76.83076923076923,1.6
2391,bin.3108,94.62025316455696,3.7495205216724203
2395,bin.308,84.48426573426573,0.7770007770007771
2396,bin.3139,83.61616091795119,2.941176470588236
2397,bin.3158,91.10196105799429,1.1235955056179776
2402,bin.3162,79.7752808988764,7.790262172284645
2403,bin.3150,82.75904203323559,5.37200832466181
2418,bin.3141,91.02348993288591,4.998601789709172
2419,bin.3130,85.14392109500805,9.762479871175524
2428,bin.3151,93.5309973045822,2.5943396226415096
2429,bin.3193,96.62921348314607,1.1235955056179776
2430,bin.316,96.26246643651706,7.3839662447257375
2431,bin.3137,93.15286624203821,3.1847133757961785
2433,bin.3149,75.52447552447552,4.351204351204352
2435,bin.3142,90.54816784869976,4.787234042553192
2440,bin.3188,89.98841169236591,4.405133541449879
2444,bin.320,86.19931607230093,3.932584269662921
2445,bin.3178,71.69030732860519,2.3049645390070923
2461,bin.3146,74.70473251028807,3.281893004115226
2468,bin.3167,93.20594479830149,0.6369426751592356
2472,bin.3169,93.65079365079366,2.8344671201814062
2475,bin.3168,83.99261603375528,1.4121835443037976
2478,bin.3194,87.95505389465121,4.697986577181208
2482,bin.3215,97.98657718120805,2.1049420378279438
2483,bin.3186,97.3991507430998,3.821656050955414
2485,bin.323,72.26981351981352,5.659965034965035
2486,bin.322,71.62594179857606,3.4976152623211445
2489,bin.3152,87.89751506663272,2.8741496598639458
2493,bin.3218,80.69841269841271,5.174603174603175
2497,bin.3249,84.56277479237909,7.463884430176564
2500,bin.3221,72.15402876693199,5.334450495740818
2502,bin.3209,82.65366430260048,9.086879432624114
2505,bin.3183,82.58051529790662,2.2342995169082127
2507,bin.3230,77.58029768899334,6.448296122209166
2508,bin.3231,92.25352112676056,3.7558685446009386
2509,bin.3245,86.542225950783,6.935123042505593
2511,bin.3203,88.82829977628636,1.0067114093959733
2513,bin.3261,80.44943820224718,3.130016051364366
2517,bin.3266,81.18221787982414,3.852327447833066
2521,bin.3235,82.18917802560925,1.858736059479554
2531,bin.3247,87.51610305958131,1.1272141706924315
2541,bin.3284,84.54269486878182,3.493871108960623
2544,bin.3297,78.32919465203544,5.85288367546432
2551,bin.33,89.71665852467025,2.407704654895666
2557,bin.3288,74.04654769168192,5.299217002237136
2558,bin.3302,89.99999999999999,2.247191011235955
2560,bin.3240,82.65083632019116,0.9465020576131686
2574,bin.3226,87.09478067321204,3.3333333333333335
2578,bin.328,80.64345991561181,5.80168776371308
2581,bin.3279,79.16055718475073,2.7016129032258065
2582,bin.3306,97.31543624161074,2.0134228187919465
2583,bin.3268,93.5784014643075,1.342281879194631
2585,bin.326,76.5525114155251,0.0
2588,bin.3274,92.47916666666666,0.9375
2595,bin.3304,76.92651149172889,3.1884057971014492
2598,bin.3286,91.60991636798087,0.9722222222222222
2606,bin.3309,87.50896057347668,1.6129032258064515
2610,bin.3316,92.19858156028369,3.5460992907801416
2613,bin.3342,90.18181818181819,6.0
2617,bin.3280,88.72343400447427,4.47427293064877
2618,bin.3347,84.8314606741573,3.932584269662921
2620,bin.3345,84.26966292134831,5.617977528089888
2621,bin.336,70.89887640449439,2.247191011235955
2622,bin.3356,96.06741573033707,0.0
2625,bin.3307,99.64539007092199,2.127659574468085
2627,bin.3325,91.13924050632912,0.6329113924050633
2629,bin.3348,87.995337995338,4.895104895104895
2632,bin.3352,72.7204168380639,3.2967032967032965
2635,bin.337,71.20689655172414,1.7241379310344827
2640,bin.3346,83.11242828506255,4.1891891891891895
2641,bin.3365,78.77558546929743,1.1494252873563218
2645,bin.3328,92.20980780964003,0.6711409395973155
2646,bin.3391,71.57894736842104,0.0
2648,bin.3366,71.68458781362007,0.07168458781362007
2653,bin.3378,80.02185314685315,3.904428904428904
2655,bin.3343,87.00743494423791,2.3543990086741013
2658,bin.3339,84.90438808373591,3.578539013321622
2667,bin.3384,74.82624059385805,5.480984340044743
2669,bin.3381,74.01845579594941,7.46180963572268
2671,bin.3390,83.71685113360452,5.718475073313783
2678,bin.3379,85.53634751773049,1.7730496453900708
2683,bin.3383,86.61213646532438,6.767337807606264
2684,bin.3409,73.04075235109717,1.7241379310344827
2692,bin.3354,85.61643835616438,2.2260273972602738
2695,bin.3371,90.26898734177215,3.1645569620253164
2699,bin.3419,92.58496754832856,7.303370786516854
2700,bin.3423,83.86868686868688,1.4444444444444444
2701,bin.3429,75.50675675675676,0.0
2704,bin.3444,78.66666666666667,2.6666666666666665
2705,bin.3438,76.21722846441948,1.4934747714425294
2708,bin.3410,89.76190476190476,1.111111111111111
2709,bin.3442,75.0,2.586206896551724
2711,bin.3435,95.50561797752809,2.247191011235955
2712,bin.341,85.41346646185356,3.938172043010752
2715,bin.3415,82.80215952629744,2.0114942528735633
2716,bin.344,94.08602150537635,1.2544802867383513
2719,bin.3368,78.7265158588688,3.125
2726,bin.3408,84.40860215053763,2.5268817204301075
2727,bin.3405,85.59563758389261,4.47427293064877
2729,bin.3420,86.37029524453459,5.373563218390805
2730,bin.3389,76.14964343225212,2.0128824476650564
2737,bin.3424,89.71631205673759,1.7730496453900708
2744,bin.3445,79.35874704491727,3.782505910165484
2746,bin.3437,89.05660377358491,1.4465408805031446
2748,bin.3458,82.90598290598291,3.686437019770353
2755,bin.3482,82.94019122060158,2.247191011235955
2763,bin.3454,94.63087248322148,3.5864093959731544
2766,bin.3431,88.54609929078015,1.928191489361702
2767,bin.3464,90.3225806451613,6.854838709677419
2770,bin.3468,92.3937360178971,2.628635346756152
2771,bin.3455,71.72361195851128,8.91295505389465
2774,bin.348,89.58714663412651,2.237136465324385
2776,bin.3487,94.50549450549451,3.0802530802530796
2787,bin.3506,89.247311827957,4.1315864156655
2789,bin.3493,88.98769574944072,3.914988814317673
2793,bin.35,73.87289912654117,5.443548387096774
2794,bin.3443,93.43540268456375,1.342281879194631
2796,bin.3472,86.39541387024609,0.8948545861297538
2799,bin.3498,71.3968253968254,3.4285714285714284
2801,bin.3527,79.98464652104123,1.1235955056179776
2803,bin.3508,80.62354312354312,2.272727272727273
2806,bin.3494,73.73155729133991,1.642512077294686
2808,bin.3479,84.85026245895811,2.9740338164251208
2810,bin.3512,88.75559284116332,1.342281879194631
2811,bin.3495,78.50371747211896,1.3940520446096654
2813,bin.3453,96.94472194472195,2.4475524475524475
2819,bin.3510,84.3121693121693,2.142857142857143
2831,bin.3538,72.86858974358975,9.05448717948718
2846,bin.3540,80.71428571428571,2.380952380952381
2848,bin.3522,84.38003220611917,5.136510027814376
2850,bin.3534,76.06263982102908,5.089485458612975
2858,bin.3516,96.81208053691275,3.5444630872483223
2869,bin.3542,88.88317510548522,6.386651323360184
2872,bin.3535,77.07564328893169,6.112272216629463
2884,bin.3554,74.57498777985593,1.5517241379310345
2908,bin.3599,93.14516129032258,0.855327468230694
2918,bin.3576,97.16312056737588,1.7730496453900708
2931,bin.3583,80.46468401486989,1.0780669144981412
2937,bin.3601,79.36984560797852,5.9071729957805905
2947,bin.3618,89.47173475258919,5.320411392405063
2953,bin.3613,91.45569620253164,2.330264672036824
2956,bin.3606,95.35864978902954,2.109704641350211
2958,bin.3668,78.44827586206897,0.0
2961,bin.3646,75.83542238198845,4.608126005108315
2965,bin.3638,90.15659955257271,0.22371364653243844
2967,bin.3665,71.53558052434457,3.3707865168539324
2973,bin.3636,81.20805369127517,7.516778523489933
2975,bin.3680,76.46555935515387,5.617977528089888
2978,bin.3662,97.98657718120805,0.16778523489932887
2985,bin.3681,85.6896551724138,6.269592476489028
2987,bin.3659,91.93037974683544,1.1075949367088607
2989,bin.3625,78.45410628019323,2.4154589371980677
2991,bin.3692,72.30092818759161,1.6853932584269662
2997,bin.3650,80.0152771715408,4.219409282700422
2998,bin.3705,83.33333333333333,3.508771929824561
3007,bin.3675,86.28942486085344,0.9523809523809523
3009,bin.3711,88.3572567783094,6.140350877192983
3014,bin.3682,73.14814814814815,0.046296296296296294
3017,bin.3670,83.14010968902272,1.1835748792270533
3020,bin.3660,82.75985663082437,2.150537634408602
3022,bin.3671,93.55361500915193,1.4541387024608503
3024,bin.3700,77.2701850721985,3.914988814317673
3029,bin.3724,86.3939393939394,7.333333333333333
3035,bin.3721,92.96969696969695,0.6666666666666666
3036,bin.3677,88.98958333333333,0.034722222222222224
3038,bin.3683,79.52,3.2
3047,bin.3688,92.78523489932886,1.174496644295302
3067,bin.3703,77.91975308641975,2.037037037037037
3071,bin.3770,87.25451880801171,1.1235955056179776
3073,bin.3778,72.42424242424242,5.2631578947368425
3078,bin.3726,74.64496151996151,5.03220611916264
3084,bin.3737,83.9662447257384,6.0284810126582276
3088,bin.3729,81.78131991051454,4.1610738255033555
3090,bin.3764,71.80767724245985,2.742448330683625
3094,bin.3738,81.72761133603238,4.328205128205129
3103,bin.374,87.37551498421062,1.7059178743961352
3105,bin.370,93.17673378076061,2.287980475899939
3110,bin.3712,95.27964205816555,1.4093959731543624
3120,bin.3808,96.55172413793103,6.426332288401254
3122,bin.3744,96.4841108857336,2.2988505747126435
3124,bin.3791,79.44973544973546,0.8730158730158729
3131,bin.3810,78.58492102263476,4.044943820224719
3133,bin.3774,94.26325466648046,5.11520737327189
3136,bin.375,86.54100529100529,0.925925925925926
3138,bin.3763,97.15189873417721,1.8552215189873418
3142,bin.3788,81.08108108108108,2.389835487661575
3146,bin.3727,99.22027290448344,0.8771929824561403
3150,bin.3789,97.89583333333333,1.25
3159,bin.3827,74.4482153752288,0.8389261744966443
3166,bin.3790,89.26174496644295,2.7455765710799267
3171,bin.3819,73.27257474069555,0.8389261744966443
3175,bin.3849,90.27055150884496,1.6129032258064515
3178,bin.3809,84.44224857268337,3.526570048309179
3188,bin.3864,73.48314606741575,2.247191011235955
3189,bin.385,96.7032967032967,2.2977022977022976
3201,bin.3837,83.32347306738787,5.526819923371648
3207,bin.3888,75.63840653728293,0.06609385327164573
3209,bin.3842,90.05466903073287,2.955082742316785
3213,bin.3816,87.33349983349983,4.778554778554778
3215,bin.3840,95.7899628252788,2.4576621230896323
3216,bin.3854,76.20107667685144,8.264552993928813
3217,bin.3863,75.91449505771757,4.680047694753577
3221,bin.3821,84.32544624325446,2.73972602739726
3223,bin.3903,84.84848484848486,6.727272727272727
3224,bin.3898,76.45413870246085,3.376677852348993
3233,bin.3834,79.31856314826113,1.0626398210290826
3234,bin.3856,81.64149888143176,2.0134228187919465
3235,bin.3893,75.46031746031746,0.7142857142857143
3237,bin.3872,77.65901771336554,2.4264382960035134
3245,bin.3880,74.39876957494408,1.2304250559284116
3252,bin.3904,77.7668717310661,4.222972972972973
3254,bin.3896,88.62827785241578,2.0114942528735633
3257,bin.3931,93.74694675134344,6.936980947728383
3259,bin.3944,70.28780868833744,1.6853932584269662
3266,bin.3887,87.02741702741703,3.6507936507936507
3270,bin.39,88.18791946308725,2.9642058165548097
3276,bin.3946,83.9939393939394,8.0
3278,bin.3954,86.17171717171718,5.333333333333333
3282,bin.3913,86.0946608373079,1.2306949806949807
3284,bin.3910,95.46979865771812,4.76510067114094
3287,bin.3921,73.93555811277331,4.113924050632911
3296,bin.3906,97.19101123595506,0.16853932584269662
3299,bin.393,74.04223393353828,5.836352657004831
3300,bin.3927,72.7552369330893,3.579418344519015
3308,bin.3936,81.98670272706784,3.7547892720306515
3309,bin.3909,95.26006711409396,5.453020134228188
3313,bin.3979,73.21411458033849,3.289057558507274
3316,bin.3943,76.90763745111572,2.898550724637681
3317,bin.396,91.30313199105146,2.3713646532438477
3319,bin.3939,97.70114942528735,1.4367816091954022
3321,bin.3986,82.79569892473118,2.150537634408602
3334,bin.3998,90.66666666666667,0.11111111111111109
3335,bin.3948,95.91582774049216,1.342281879194631
3337,bin.401,81.58307210031349,0.7836990595611285
3338,bin.3956,92.84116331096196,0.0
3339,bin.3990,87.69574944071589,2.0343959731543624
3341,bin.3964,83.89261744966443,2.237136465324385
3355,bin.4011,87.86516853932584,6.1972224160792795
3361,bin.397,82.60212888377444,2.742616033755274
3362,bin.3951,90.38461538461539,1.3986013986013985
3364,bin.3968,73.91252955082741,8.983451536643026
3375,bin.4043,71.63009404388715,8.746081504702193
3376,bin.399,87.58353462157811,1.5942028985507246
3378,bin.3994,87.9746835443038,3.8765822784810124
3385,bin.4019,78.40189873417721,0.6329113924050633
3387,bin.4008,77.09622019912285,6.931355237226036
3388,bin.3988,93.72902684563758,2.1812080536912752
3390,bin.40,88.94015659955258,2.8523489932885906
3394,bin.4034,71.36800699300699,0.4195804195804196
3402,bin.4032,72.96594982078852,2.4193548387096775
3403,bin.4044,83.15550640634534,0.33557046979865773
3405,bin.4061,74.34456928838952,2.247191011235955
3413,bin.4059,87.1436004162331,6.225562072336266
3415,bin.4074,80.17241379310344,3.4482758620689653
3419,bin.4031,89.24077181208054,4.4742729306487705
3424,bin.4005,96.64429530201342,0.5592841163310962
3434,bin.4079,80.71040989838943,7.094594594594595
3437,bin.4037,72.72727272727273,3.7529137529137526
3438,bin.4010,95.97315436241611,1.2304250559284116
3441,bin.4070,76.1058201058201,1.6666666666666667
3442,bin.4080,74.46031746031747,1.2698412698412698
3444,bin.4041,94.00167785234899,3.579418344519015
3446,bin.4091,72.73601398601399,5.528846153846154
3450,bin.4072,81.81566455696203,4.641350210970463
3455,bin.4046,91.39917695473251,1.0802469135802468
3456,bin.4014,92.75503573749188,1.1695906432748537
3457,bin.4062,79.10326086956522,3.0756843800322065
3470,bin.4098,74.66329966329967,3.240740740740741
3472,bin.4124,75.09363295880149,2.808988764044944
3478,bin.4101,71.47883103183737,2.689873417721519
3480,bin.4066,81.80292861500915,2.237136465324385
3489,bin.4038,85.71858288770053,6.194219270199662
3493,bin.4049,96.14029790660224,2.5392512077294684
3498,bin.4128,77.12250712250713,1.7094017094017093
3501,bin.4114,91.66666666666667,3.968253968253968
3507,bin.4096,90.6441223832528,1.6908212560386473
3516,bin.4154,74.52929292929294,7.333333333333333
3524,bin.4172,82.02247191011236,6.464745155512132
3525,bin.4147,75.14564154200231,4.272151898734177
3528,bin.414,73.61583086735216,3.888888888888889
3529,bin.4102,73.71069182389938,2.893081761006289
3532,bin.4131,71.87629078893019,2.7881040892193307
3539,bin.4188,76.89655172413794,0.0
3541,bin.4165,80.76923076923077,2.7195027195027195
3545,bin.4175,71.85822147651007,4.673200122025625
3547,bin.4158,75.16252955082743,2.8368794326241136
3557,bin.4201,85.72100313479623,7.758620689655173
3569,bin.4159,85.41920886719545,2.0134228187919465
3571,bin.4182,94.1834451901566,2.684563758389262
3573,bin.4171,93.3860759493671,0.7911392405063291
3574,bin.4144,95.93949044585987,0.3184713375796178
3575,bin.4129,93.32335875526682,3.006202480992397
3576,bin.4211,80.40221462302556,0.0
3582,bin.4184,87.2956223628692,3.557729190640583
3585,bin.4197,78.92287234042553,4.0189125295508275
3592,bin.4222,89.51310861423221,3.4196384953590626
3593,bin.4215,79.55555555555556,3.3333333333333335
3595,bin.4220,86.49789029535866,0.7911392405063291
3596,bin.4187,86.793903803132,3.9373601789709176
3601,bin.4205,92.64240506329114,2.848101265822785
3606,bin.4228,80.07936507936506,3.7698412698412698
3607,bin.4212,72.62854609929079,2.482269503546099
3616,bin.4233,82.629662004662,2.513111888111888
3619,bin.421,91.03937930024885,2.5754830917874396
3622,bin.4252,77.18120805369128,0.6711409395973155
3626,bin.4247,92.60346756152126,4.026845637583893
3629,bin.4231,73.5047281323877,6.9739952718676115
3635,bin.4270,70.6896551724138,0.8620689655172413
3637,bin.4279,73.27586206896552,7.758620689655173
3642,bin.425,85.22413070800168,4.550691244239631
3649,bin.424,80.53691275167785,3.2438478747203576
3650,bin.4274,85.23489932885906,1.5249389871873096
3651,bin.4225,86.82795698924731,0.5376344086021505
3652,bin.4235,83.03897143159475,3.65676626588892
3664,bin.4257,92.51054852320677,2.5316455696202533
3666,bin.4281,77.44559690868417,1.6778523489932886
3667,bin.4237,76.25541125541125,4.755102040816326
3668,bin.4276,70.83333333333334,0.6329113924050633
3672,bin.4242,73.94574944071589,0.6711409395973155
3675,bin.4280,84.49206349206348,1.7460317460317458
3677,bin.4275,81.27475947934353,7.6417004048583
3685,bin.4244,95.33390410958904,1.36986301369863
3696,bin.4307,84.06593406593407,2.197802197802198
3701,bin.4314,73.84370015948963,1.7543859649122806
3703,bin.4310,81.15212527964206,8.389261744966444
3715,bin.4341,76.0,2.6666666666666665
3721,bin.4345,86.28888888888889,0.6666666666666666
3724,bin.4339,73.94376456876456,4.836829836829836
3725,bin.4317,80.22155277608297,7.739093959731544
3727,bin.4319,74.67794302471721,3.304356933389191
3729,bin.4305,94.29530201342281,1.0067114093959733
3735,bin.4334,86.1788898873298,1.1310223266745005
3739,bin.4358,80.37546234908228,3.932584269662921
3753,bin.4353,83.2437275985663,3.763440860215054
3755,bin.4333,71.36290440638267,4.202898550724637
3756,bin.4336,86.24077004219409,1.951476793248945
3757,bin.4351,77.65957446808511,3.1914893617021276
3758,bin.4327,92.50493096646943,4.930966469428007
3759,bin.4324,75.30127439267224,0.5555555555555556
3772,bin.4380,70.6989247311828,2.150537634408602
3778,bin.4370,72.2738232231903,1.8987341772151898
3782,bin.4387,87.55555555555556,2.4074074074074074
3784,bin.4396,71.74636465324386,0.7130872483221476
3794,bin.4401,70.19355791962174,4.25531914893617
3799,bin.4388,90.16677935542032,0.38314176245210724
3811,bin.4444,76.72552166934189,1.5144113336590133
3816,bin.4347,91.4499158249158,2.7864044168391993
3821,bin.4404,83.20634920634922,6.587301587301587
3823,bin.4429,94.96644295302013,2.3699664429530203
3825,bin.4423,84.89233780760625,2.684563758389262
3827,bin.4369,94.25335570469798,0.39848993288590606
3832,bin.4420,84.39153439153439,1.7460317460317458
3839,bin.4449,87.65100671140941,2.3699664429530203
3844,bin.4403,85.48657718120805,9.936953426886312
3845,bin.4431,73.47670250896059,0.4928315412186379
3850,bin.4441,79.79957805907173,0.6329113924050633
3851,bin.4440,86.19623655913978,2.338709677419355
3856,bin.4415,91.28824476650564,4.057971014492754
3857,bin.4438,76.94732560504373,3.523489932885906
3858,bin.4443,86.35933806146572,2.504432624113475
3860,bin.4478,77.97328119908765,1.3282732447817838
3863,bin.4472,70.87324440265617,2.197802197802198
3867,bin.4436,79.95220663005898,3.1319910514541385
3868,bin.4484,72.41379310344827,0.0
3869,bin.447,80.59805915555134,7.526881720430108
3873,bin.4442,88.52599493903843,2.1095008051529787
3881,bin.4460,98.38709677419355,1.686217008797654
3883,bin.4483,70.82100366076877,8.277404921700224
3886,bin.4494,82.4132877381534,2.247191011235955
3891,bin.4467,87.85110722610723,5.477855477855477
3892,bin.4468,78.88601334253507,3.176328502415459
3893,bin.446,92.19404186795492,0.5797101449275363
3898,bin.4499,82.31558378114313,6.179775280898877
3909,bin.443,90.2824384787472,2.0134228187919465
3914,bin.4492,78.005291005291,6.007936507936508
3919,bin.4497,88.4469696969697,0.0
3920,bin.4462,94.4055944055944,2.272727272727273
3921,bin.4517,96.15384615384616,0.38461538461538464
3923,bin.4524,89.88764044943821,2.247191011235955
3925,bin.4498,93.41397849462366,6.447772657450077
3932,bin.4475,79.87526362526363,2.2061272061272064
3940,bin.4544,70.92011019283747,8.181818181818182
3942,bin.4507,89.91956751054852,3.092035864978903
3948,bin.454,97.19101123595506,3.3707865168539324
3956,bin.4527,81.38297872340425,4.373522458628841
3961,bin.4549,74.60052763761203,0.2996474735605171
3965,bin.4548,89.51901565995524,3.3557046979865772
3966,bin.4556,81.85986498006957,2.220916568742656
3967,bin.4564,74.16107382550335,2.684563758389262
3971,bin.4516,91.11111111111111,3.772141706924316
3972,bin.4540,91.42857142857143,0.47619047619047616
3979,bin.4559,89.93288590604027,1.0626398210290826
3981,bin.458,84.99197431781701,2.247191011235955
3983,bin.4541,85.10248849252014,5.2742616033755265
3986,bin.4543,73.47286226318484,4.92831541218638
3989,bin.4573,80.34188034188034,1.899335232668566
3993,bin.4574,72.67025089605735,0.8064516129032258
3994,bin.4576,90.46031746031747,0.15873015873015872
3997,bin.4539,75.92315369261476,0.8982035928143712
3998,bin.4601,73.84370015948963,0.0
4000,bin.4603,72.94481820098518,3.225806451612903
4002,bin.4606,82.58426966292134,1.1235955056179776
4004,bin.4555,84.34334284877762,1.8800322061191628
4010,bin.4597,90.55944055944055,1.2281835811247577
4014,bin.4593,70.82039548945906,2.0537124802527646
4015,bin.4587,92.06084656084656,3.9841269841269846
4021,bin.4605,93.7427156177156,1.3869463869463867
4022,bin.4553,96.09557109557109,0.17482517482517482
4024,bin.4568,93.83668903803131,1.6778523489932886
4027,bin.4621,72.50139821029083,5.299217002237136
4031,bin.4608,88.55485232067511,2.689873417721519
4032,bin.4613,92.39941033645509,3.4946236559139785
4039,bin.46,94.81144514767932,3.7974683544303796
4040,bin.4612,83.15873015873015,0.7936507936507936
4044,bin.4585,94.37367303609341,4.033970276008492
4050,bin.4626,89.51612903225806,0.8064516129032258
4056,bin.4590,85.65802957107304,4.967793880837359
4060,bin.4615,95.65532700421942,3.5864978902953584
4068,bin.464,76.83420745920745,3.0303030303030303
4072,bin.4623,91.54589371980677,1.1272141706924315
4080,bin.4663,70.82534749201416,0.0
4081,bin.4651,90.48387096774194,4.032258064516129
4083,bin.4634,93.25363534675616,2.0134228187919465
4091,bin.4633,89.2481884057971,2.334943639291465
4093,bin.4631,77.96420581655481,4.404362416107382
4095,bin.4641,71.66666666666667,0.8796296296296297
4099,bin.4675,96.62921348314607,2.247191011235955
4100,bin.4687,82.66666666666667,4.0
4103,bin.4661,83.53968253968253,2.857142857142857
4106,bin.4666,83.22580645161291,1.075268817204301
4117,bin.4657,78.78851433801098,2.348993288590604
4121,bin.4672,93.14420803782507,1.7730496453900708
4128,bin.4701,86.65853162497457,4.194630872483222
4129,bin.4640,94.47693811824247,1.751207729468599
4134,bin.4667,75.30337014032666,5.575684380032206
4136,bin.4683,72.74593222869085,1.4367816091954022
4138,bin.4654,89.59259259259258,3.4670781893004112
4144,bin.4734,72.41379310344827,0.0
4145,bin.4693,87.9874213836478,5.822823125819796
4158,bin.4700,83.59034267912772,1.2577881619937692
4161,bin.4719,95.09228187919463,2.0134228187919465
4163,bin.4736,77.11247086247086,4.428904428904429
4168,bin.4745,84.06040268456375,1.6778523489932886
4169,bin.4759,77.58620689655173,0.0
4173,bin.4764,76.07655502392343,3.508771929824561
4176,bin.4721,92.985336637753,0.9603469640644361
4187,bin.4752,78.72486772486772,3.0952380952380953
4191,bin.4754,85.49735449735451,1.6666666666666667
4196,bin.478,71.17554858934169,2.586206896551724
4200,bin.4779,89.3991206643869,0.0
4205,bin.4771,77.57270693512304,8.58450274557657
4207,bin.4795,71.72284644194757,7.52808988764045
4209,bin.4723,94.47983014861997,4.140127388535032
4212,bin.4783,86.38588235294118,2.8
4213,bin.4761,91.70622362869199,3.375527426160337
4214,bin.4775,72.4976026083621,3.368934599156118
4217,bin.4743,86.7741935483871,0.5376344086021505
4218,bin.4766,75.46740467404673,3.830609734668775
4222,bin.4808,73.86256310047223,9.55056179775281
4223,bin.479,92.09312080536913,5.592841163310961
4230,bin.4807,78.0701754385965,5.2631578947368425
4233,bin.4820,73.6842105263158,0.0
4235,bin.4717,98.45151444416149,4.251700680272109
4239,bin.4788,73.05785599263861,3.17861586883326
4242,bin.4813,78.37777777777778,0.0
4243,bin.4790,80.93704423918327,2.272727272727273
4244,bin.485,71.20990066764371,4.775280898876405
4248,bin.4802,85.08239072755202,3.4498207885304657
4249,bin.4750,93.66610738255034,0.6921140939597316
4252,bin.4794,88.72482738780208,4.166666666666666
4258,bin.49,72.41379310344827,0.0
4261,bin.4814,88.64509456264776,1.7730496453900708
4263,bin.4805,72.68456375838926,4.026845637583893
4264,bin.4804,85.04746835443038,0.7911392405063291
4265,bin.4810,71.35206935123043,1.6219239373601788
4266,bin.4812,77.95883361921098,2.138364779874214
4268,bin.4799,83.35748792270532,1.7713365539452495
4269,bin.498,74.91228070175438,0.0
4272,bin.4806,79.65341824037476,6.139291465378423
4274,bin.4819,73.22748899794937,3.603603603603603
4278,bin.4826,92.99496644295301,2.953020134228188
4285,bin.491,83.4045358649789,2.5316455696202533
4286,bin.507,78.20190156599553,6.040268456375839
4288,bin.487,84.26441427699817,5.350823672971324
4289,bin.489,80.71956264775415,1.7375886524822697
4299,bin.4792,85.93906093906094,3.574203574203574
4303,bin.511,80.60682326621925,1.1409395973154361
4309,bin.499,73.17762882279013,7.459677419354839
4323,bin.527,76.88679245283019,3.7735849056603774
4324,bin.512,79.19354838709677,4.866638737606479
4326,bin.510,77.11892414073621,0.9731543624161074
4327,bin.521,73.12805064063454,5.068512304250559
4329,bin.490,89.04761904761905,2.4761904761904763
4334,bin.526,78.80313199105146,4.240390482001221
4338,bin.517,94.60905349794238,0.0
4339,bin.50,90.03174603174604,1.4285714285714286
4343,bin.560,72.19435736677117,5.172413793103448
4345,bin.563,77.6257938446507,8.801498127340823
4360,bin.515,84.57634228187919,1.342281879194631
4363,bin.561,82.54338254338255,2.7540360873694207
4364,bin.580,72.69662921348315,0.0
4365,bin.573,91.70785639958376,3.225806451612903
4366,bin.524,92.49077004219409,2.5316455696202533
4369,bin.543,94.60916442048517,3.059299191374663
4375,bin.56,81.68583797155225,1.0884353741496597
4378,bin.58,85.39499715970305,2.7472527472527473
4380,bin.574,91.5033302826927,3.4675615212527964
4397,bin.559,91.66666666666667,5.5555555555555545
4401,bin.579,87.49208860759495,4.9261603375527425
4402,bin.575,81.0126582278481,6.276371308016877
4404,bin.553,89.82102908277405,2.5727069351230423
4409,bin.626,70.23391812865496,5.2631578947368425
4411,bin.582,87.1938586755457,3.1017724413950827
4419,bin.590,98.63636363636364,0.6212121212121212
4424,bin.631,75.52434456928839,2.808988764044944
4429,bin.630,80.70175438596492,0.0
4430,bin.613,72.06878306878306,0.4920634920634921
4435,bin.636,98.18181818181819,9.75206611570248
4443,bin.59,91.38590203106332,2.5308641975308643
4444,bin.594,88.42281879194631,2.5167785234899327
4445,bin.603,93.19935936546675,3.523489932885906
4451,bin.634,79.03481012658227,1.8987341772151898
4457,bin.649,79.46187875855395,4.781629455542499
4463,bin.601,78.08241814114298,3.6912751677852347
4464,bin.623,92.22595078299777,8.056233475696564
4473,bin.667,85.15435310440515,0.26881720430107525
4474,bin.628,95.71651090342678,5.106809078771696
4475,bin.682,91.76029962546816,1.1235955056179776
4477,bin.644,80.52737949969494,2.0134228187919465
4482,bin.654,94.04667721518987,2.5316455696202533
4483,bin.671,87.36507936507937,4.746031746031746
4486,bin.684,77.92207792207792,5.4945054945054945
4487,bin.700,78.94736842105263,1.7543859649122806
4490,bin.674,87.7037037037037,2.5
4496,bin.661,76.26851851851852,2.638888888888889
4500,bin.714,73.04075235109717,1.7241379310344827
4501,bin.678,86.4069264069264,1.9047619047619047
4502,bin.706,95.50561797752809,6.4158931770070025
4504,bin.681,85.1572327044025,3.4298590791376586
4507,bin.689,73.32151300236406,2.482269503546099
4509,bin.697,92.05057862706145,6.182795698924732
4513,bin.683,93.75395569620254,2.109704641350211
4515,bin.726,88.81289692232535,5.243445692883895
4517,bin.730,70.6896551724138,7.241379310344827
4520,bin.710,91.74903396379905,1.0067114093959733
4521,bin.733,77.4949494949495,0.0
4526,bin.708,80.14899789029535,3.558328538550058
4527,bin.735,90.4494382022472,4.467629748528625
4533,bin.694,82.15716952129996,7.028985507246377
4535,bin.72,89.17378917378917,1.7094017094017093
4536,bin.743,76.13092330239374,5.2990438969921145
4538,bin.741,85.3932584269663,3.932584269662921
4539,bin.73,75.08294739752542,6.346944770857814
4543,bin.718,76.59574468085107,1.1938534278959811
4546,bin.691,70.76698513800426,6.284501061571126
4559,bin.690,84.47385947385948,1.048951048951049
4562,bin.717,97.53914988814317,2.1476510067114094
4565,bin.739,85.60402684563758,4.085951799877974
4566,bin.675,94.64792856097203,3.740510697032436
4573,bin.728,70.26503164556962,1.3924050632911393
4574,bin.727,89.64307504575962,2.4832214765100673
4578,bin.740,71.44449813971856,1.8635173207412403
4583,bin.78,73.04625199362042,5.901116427432216
4584,bin.775,88.43700159489633,7.017543859649122
4591,bin.693,83.70955936173327,5.603864734299517
4593,bin.716,97.98657718120805,1.0276845637583893
4610,bin.791,93.54838709677419,6.8136489767603186
4617,bin.753,77.96038146441371,0.625
4620,bin.807,92.47311827956989,1.4336917562724012
4622,bin.787,89.76510067114094,3.1319910514541385
4628,bin.778,85.94182186981375,3.8314176245210727
4640,bin.798,91.71765734265735,0.23310023310023306
4642,bin.835,92.24982270523068,9.67741935483871
4643,bin.823,84.1069330199765,2.7614571092831963
4645,bin.832,77.38255033557047,1.9625788082163922
4646,bin.839,86.61455788959452,5.056179775280899
4647,bin.800,93.24024822695036,0.0
4650,bin.826,92.92251372788284,4.215604026845638
4658,bin.808,92.357910906298,1.6801075268817205
4672,bin.792,97.63593380614658,9.21985815602837
4674,bin.860,80.52434456928839,2.247191011235955
4676,bin.847,91.45161290322581,1.6129032258064515
4678,bin.827,98.65771812080537,5.369127516778524
4680,bin.840,83.95042194092825,3.481012658227848
4683,bin.848,70.55555555555556,0.47619047619047616
4685,bin.851,75.30594405594405,3.6713286713286712
4698,bin.845,73.9063382269904,3.0883367839889577
4701,bin.829,95.72719646125685,5.100671140939597
4709,bin.90,90.55761044036568,5.056179775280899
4713,bin.863,89.64113947465779,0.6289308176100629
4714,bin.804,84.8625851855894,2.6785714285714284
4716,bin.853,96.12419484702093,1.0144927536231885
4724,bin.842,80.20833333333334,4.944071588366891
4728,bin.868,97.64332151300235,2.482269503546099
4729,bin.915,72.02875287877731,2.247191011235955
4730,bin.872,85.35017730496453,4.7281323877068555
4734,bin.899,83.57142857142857,2.0
4735,bin.859,97.19800747198006,1.7123287671232876
4737,bin.896,83.50111856823267,2.460850111856823
4738,bin.883,87.00191570881225,1.2643678160919543
4743,bin.924,90.7914020517831,6.741573033707865
4747,bin.921,88.82828282828282,6.666666666666667
4748,bin.902,83.2410514541387,3.803131991051454
4749,bin.931,86.02150537634408,1.6129032258064515
4751,bin.932,92.86761113825108,4.253611556982343
4754,bin.907,81.42857142857143,3.9841269841269846
4755,bin.943,76.24242424242424,5.333333333333333
4756,bin.92,85.00820167486833,6.3247863247863245
4757,bin.895,99.36708860759494,1.4767932489451476
4778,bin.909,98.86363636363636,3.977272727272727
4782,bin.93,88.28922615415904,2.8187919463087248
4785,bin.961,85.33333333333333,1.1515151515151514
4790,bin.917,89.24059434929,1.570048309178744
4794,bin.948,79.02236652236653,2.1313364055299537
4798,bin.929,86.30573248407643,6.210191082802548
4799,bin.938,73.51920693928128,2.18091697645601
4802,bin.939,96.64429530201342,2.3172157819808827
4809,bin.974,82.75058275058274,3.3216783216783217
4811,bin.944,88.58122362869199,3.3857163406214044
4813,bin.928,86.61912751677852,1.1409395973154361
4814,bin.981,98.55555555555554,3.939393939393939
4815,bin.980,80.61383061383061,2.1367521367521367
4816,bin.98,73.9400665926748,2.5786163522012577
4817,bin.965,77.07528180354268,4.082125603864734
4819,bin.960,92.90780141843972,4.587765957446808
4821,bin.978,94.04008438818566,4.324894514767932
4822,bin.983,75.32770097286226,4.416282642089094
4824,bin.984,92.67515923566879,2.9193205944798306
4825,bin.982,93.35664335664336,1.2237762237762237
